﻿{"cameraMode":{"drawMode":0,"name":"Shaded","section":"Shading Mode"},"sceneLighting":true,"audioPlay":false,"sceneViewState":{"showFog":true,"showMaterialUpdate":false,"showSkybox":true,"showFlares":true,"showImageEffects":true,"showParticleSystems":true},"in2DMode":false,"pivot":{"x":-4.721371650695801,"y":-36.34307098388672,"z":149.96400451660157},"rotation":{"x":0.19373580813407899,"y":-0.017658013850450517,"z":0.003487661713734269,"w":0.9808886647224426},"size":133.2119598388672,"orthographic":false}