﻿{"cameraMode":{"drawMode":0,"name":"Shaded","section":"Shading Mode"},"sceneLighting":true,"audioPlay":false,"sceneViewState":{"showFog":false,"showMaterialUpdate":false,"showSkybox":false,"showFlares":false,"showImageEffects":false,"showParticleSystems":false},"in2DMode":false,"pivot":{"x":0.012451171875,"y":1.1832859516143799,"z":-3.542858600616455},"rotation":{"x":0.15927261114120484,"y":-0.663855254650116,"z":0.14775413274765016,"w":0.715609610080719},"size":10.801308631896973,"orthographic":true}