﻿{"cameraMode":{"drawMode":0,"name":"Shaded","section":"Shading Mode"},"sceneLighting":true,"audioPlay":false,"sceneViewState":{"showFog":true,"showMaterialUpdate":true,"showSkybox":true,"showFlares":true,"showImageEffects":true,"showParticleSystems":true},"in2DMode":false,"pivot":{"x":-0.4852118492126465,"y":0.9829971790313721,"z":16.962505340576173},"rotation":{"x":-0.21634948253631593,"y":0.6757208704948425,"z":-0.2181740403175354,"w":-0.6700704097747803},"size":19.148693084716798,"orthographic":false}