﻿{"cameraMode":{"drawMode":0,"name":"Shaded","section":"Shading Mode"},"sceneLighting":false,"audioPlay":false,"sceneViewState":{"showFog":true,"showMaterialUpdate":true,"showSkybox":false,"showFlares":true,"showImageEffects":true,"showParticleSystems":true},"in2DMode":false,"pivot":{"x":-0.3440432548522949,"y":0.9408066272735596,"z":3.777155876159668},"rotation":{"x":-0.21634948253631593,"y":0.6757208704948425,"z":-0.2181740403175354,"w":-0.6700704097747803},"size":2.8578836917877199,"orthographic":false}