﻿{"cameraMode":{"drawMode":0,"name":"Shaded","section":"Shading Mode"},"sceneLighting":true,"audioPlay":false,"sceneViewState":{"showFog":true,"showMaterialUpdate":false,"showSkybox":true,"showFlares":true,"showImageEffects":true,"showParticleSystems":true},"in2DMode":false,"pivot":{"x":-30.748172760009767,"y":-7.967662811279297,"z":19.742210388183595},"rotation":{"x":-0.1697186529636383,"y":0.518047034740448,"z":-0.10571993142366409,"w":-0.8316527009010315},"size":57.93952941894531,"orthographic":false}